Num_Acc;jour;mois;an;hrmn;lum;dep;com;agg;int;atm;col;adr;lat;long
202000000001;7;3;2020;16:55;1;91;91657;2;3;1;3;HENRI BARBUSSE (AVENUE);48,7053500;2,4384100
202000000002;7;3;2020;08:35;2;91;91657;2;9;7;6;MOUSSEAUX(CHEMIN);48,6900000;2,4100000
202000000003;7;3;2020;13:30;1;91;91174;2;2;1;3;CARNOT(AVENUE);48,6106700;2,4758200
202000000004;7;3;2020;18:50;5;91;91215;2;1;1;6;VICTOR HUGO (AVENUE);48,6978200;2,5244600
202000000005;7;3;2020;11:00;1;77;77181;1;6;1;2;LAGNY  (RUE DE  ) - D35;48,8286457;2,7059707
202000000006;5;3;2020;07:00;2;76;76114;1;2;2;3;D6015;49,5763988;0,5101875
202000000007;6;3;2020;20:29;5;68;68297;2;1;1;2;Avenue du General de Gaulle;47,5824950;7,5563270
202000000008;7;3;2020;10:20;1;64;64024;2;3;8;3;Boulevard du Bayonne Anglet Biarritz;43,4938100; -1,5230700
202000000009;6;3;2020;08:15;1;62;62757;2;2;1;6;CALAIS (RUE DE ....19A 71 ET 28 A 110);50,7570746;2,2325420
202000000010;4;3;2020;04:05;3;62;62540;1;1;1;1;CD941;50,4582925;2,5756715
202000000011;5;3;2020;11:50;1;59;59143;2;3;1;-1;BEAUCHAMP  (RUE LEON );50,6785000;2,8742000
202000000012;7;3;2020;05:00;4;56;56260;2;1;1;6;LECLERC(RUE DU MARECHAL);47,6581100; -2,7513900
202000000013;7;3;2020;06:15;5;54;54578;1;1;1;6;MULLER (AVENUE PAUL);48,6700750;6,1583190
202000000014;7;3;2020;13:20;1;51;51454;2;7;1;2;Avenue de l’Europe;49,2556464;4,0611947
202000000015;3;3;2020;20:20;5;48;48095;2;1;9;6;GEORGES CLEMENCEAU (AVENUE);44,5225800;3,5027900
202000000016;7;3;2020;17:00;1;35;35238;2;1;1;4;VERN (DE);48,0980371; -1,6554889
202000000017;7;3;2020;13:45;1;35;35238;2;1;1;6;GRIMAULT (2 BD LEON);48,0914000; -1,6562500
202000000018;7;3;2020;01:40;5;35;35238;2;2;1;3;CHATEAUGIRON (DE);48,0952700; -1,6377600
202000000019;26;2;2020;13:45;1;31;31483;1;1;2;7;Route de la Serre de Cazaux;43,1195210;0,7267790
202000000020;7;3;2020;14:55;1;26;26281;2;2;1;3;40 Avenue du 8 Mai;45,0468000;5,0813300
202000000021;7;3;2020;15:15;1;22;22113;2;9;8;6;FORLAC'H (RUE DU);48,7325070; -3,4539630
202000000022;7;3;2020;18:20;1;17;17300;2;1;1;6;LUXEMBOURG   AVENUE DE;46,1692600; -1,1786400
202000000023;7;3;2020;21:10;5;13;13216;2;1;1;7;RUISSEAU MI (RUE);43,3481000;5,3447000
202000000024;7;3;2020;03:00;5;13;13201;2;1;1;2;BRETEUIL (RUE)    2 A 18;43,2926210;5,3748760
202000000025;7;3;2020;14:45;1;06;06069;2;1;1;2;Route de Cannes;43,6243000;6,9655000
202000000026;7;3;2020;13:15;1;06;06027;2;1;1;1;VAL FLEURI CHEMIN DU;43,6650200;7,1709100
202000000027;6;3;2020;19:00;3;06;06123;2;1;1;1;CURIE PIERRE ET MARIE AVENUE;43,6896700;7,1857100
202000000028;7;3;2020;13:45;1;75;75113;2;3;1;6;RUE DE LA SANTE;48,8288150;2,3415200
202000000029;2;3;2020;15:15;1;75;75117;2;4;1;7;RUE VILLARET DE JOYEUSE;48,8769570;2,2899270
202000000030;5;3;2020;20:00;5;75;75116;2;3;2;3;RUE SCHEFFER;48,8602800;2,2846160
202000000031;4;3;2020;20:00;3;75;75117;2;3;2;3;BOULEVARD DE REIMS;48,8891650;2,2975300
202000000032;6;3;2020;20:40;5;75;75114;2;1;1;3;BOULEVARD ARAGO;48,8344810;2,3342120
202000000033;7;3;2020;10:10;1;75;75110;2;1;1;6;BOULEVARD DE MAGENTA;48,8827260;2,3502880
202000000034;7;3;2020;15:40;1;75;75107;2;5;1;7;QUAI BRANLY;48,8622650;2,3015450
202000000035;6;3;2020;21:00;5;75;75104;2;7;1;3;QUAI DE GESVRES;48,8571810;2,3473270
202000000036;7;3;2020;15:00;1;94;94044;2;1;1;3;PRESIDENT WILSON (AV DU);48,7514083;2,4909836
202000000037;7;3;2020;13:45;1;94;94033;2;2;1;2;MARECHAL DE LATTRE DE TASSIGNY (AV DU);48,8596000;2,4900000
202000000038;7;3;2020;20:00;5;94;94019;2;3;1;1;LIBERATION (RTE DE LA);48,8015510;2,5406760
202000000039;6;3;2020;23:00;5;94;94017;2;1;8;3;MUSSELBURGH (R DE);48,8102450;2,5181890
202000000040;7;3;2020;11:20;1;93;93072;2;1;1;1;PAUL VAILLANT COUTURIER (AVENUE) COTE 1A;48,9551100;2,3826900
202000000041;7;3;2020;19:45;5;93;93050;2;3;1;6;AV GENERAL DE GAULLE / R GAMBETTA;48,8574900;2,5325100
202000000042;7;3;2020;15:00;1;93;93046;2;1;1;3;AV DU MARECHAL LECLERC;48,9207400;2,5406000
202000000043;7;3;2020;06:15;2;93;93045;2;9;1;2;R DE PARIS;48,8784300;2,4115900
202000000044;7;3;2020;12:45;1;93;93027;2;1;1;6;SALENGRO (AVENUE ROGER);48,9356023;2,3873517
202000000045;7;3;2020;16:45;1;93;93014;2;1;1;5;GAGARINE (BOULEVARD);48,9056990;2,5403170
202000000046;7;3;2020;15:00;1;93;93005;2;1;1;3;CARR LOUIS ARMAND;48,9559990;2,4805460
202000000047;7;3;2020;02:40;5;92;92025;2;9;1;7;BOURNARD (RUE DU);48,9229320;2,2553440
202000000048;7;3;2020;23:56;5;54;54322;2;1;1;1;rue de metz;49,4404070;5,6117390
202000000049;7;3;2020;14:15;1;91;91666;2;1;1;1;Route d'Orsay;48,6854520;2,2197910
202000000050;8;3;2020;05:00;3;66;66141;1;1;1;2;D900;42,7516680;2,8952940
202000000051;6;3;2020;06:45;5;56;56117;2;1;2;6;Rue Ernest Renan;47,8899890; -2,8306960
202000000052;8;3;2020;13:50;1;65;65127;1;1;1;3;RD817;43,1129670;0,3214140
202000000053;7;3;2020;17:07;1;49;49218;1;1;1;6;Les Fretis (le Fuilet);47,2965077; -1,1239525
202000000054;7;3;2020;05:15;3;49;49069;2;1;1;6;Rue des Mauges (Liré);47,3402130; -1,1675200
202000000055;7;3;2020;14:50;1;68;68042;2;6;1;6;Rue du 19 Novembre;47,6077150;7,5031630
202000000056;7;3;2020;12:50;1;44;44015;1;1;2;6;La Foue;47,4897890; -1,6841270
202000000057;8;3;2020;06:30;2;31;31476;2;1;1;6;Chemin de l'Auberge;43,2728150;1,1344540
202000000058;8;3;2020;03:10;5;38;38174;1;1;1;6;Route de la Côte Saint André;45,3902810;5,3502350
202000000059;7;3;2020;11:05;1;38;38012;2;1;1;1;Route de Saint Genix;45,5979430;5,6308460
202000000060;8;3;2020;15:30;1;84;84020;1;1;1;6;D943;43,8253860;5,3558240
202000000061;8;3;2020;03:30;3;03;03306;1;1;1;6;Rue de Cusset;46,1219515;3,4653947
202000000062;6;3;2020;08:55;1;72;72029;2;1;2;3;Avenue de la Division Leclerc;48,2260770;0,1282900
202000000063;8;3;2020;11:00;1;06;06079;2;1;1;4;Avenue du général de gaulle;43,5324820;6,9492720
202000000064;6;3;2020;18:15;1;60;60581;1;1;1;2;D916;49,4950021;2,4429560
202000000065;8;3;2020;18:30;1;60;60058;1;1;1;6;Rd 90;49,6185414;2,3435797
202000000066;8;3;2020;03:30;5;60;60577;2;1;1;6;61 Douce Rue;49,4492870;1,7687900
202000000067;7;3;2020;12:30;1;64;64108;2;6;1;3;RD 430;43,5197970; -0,9154590
202000000068;8;3;2020;11:00;1;16;16125;1;1;1;6;Ld Les Grandes Granges;45,4828155;0,3402236
202000000069;7;3;2020;21:55;5;07;07055;2;2;1;1;Avenue de provence intersection Chemin du Bac;44,8629760;4,8350730
202000000070;4;3;2020;01:00;3;40;40217;1;9;8;6;Poms;44,3381610; -1,0042190
202000000071;7;3;2020;03:30;5;28;28386;2;1;8;6;22 Grande Rue;48,5708930;1,2501300
202000000072;7;3;2020;04:15;3;17;17465;1;1;2;6;Route de Moulinveau;45,9579190; -0,5421390
202000000073;7;3;2020;18:00;1;17;17385;1;1;1;5;Route Departementale No 274;45,9326020; -1,3147870
202000000074;7;3;2020;15:00;1;17;17396;2;3;1;3;D115;46,2250300; -0,8790780
202000000075;7;3;2020;15:50;1;37;37159;2;1;1;3;2 Rue Bernard Tortevoie;47,2777185;0,6221262
202000000076;6;3;2020;09:50;1;30;30075;2;1;1;-1;Chemin des Rôles;43,8208860;4,2607860
202000000077;8;3;2020;15:15;1;48;48063;1;3;1;6;D4;44,7096430;3,3819650
202000000078;25;2;2020;19:00;2;40;40210;1;1;6;6;A63;44,0930410; -0,9976960
202000000079;6;3;2020;17:20;1;33;33284;1;1;2;7;A660;44,6312700; -0,9210300
202000000080;8;3;2020;06:45;2;62;62384;1;1;1;2;A2;50,1322553;3,1079444
202000000081;8;3;2020;11:10;1;988;98822;2;1;1;1;RT3; -20,9345770;165,3292610
202000000082;5;3;2020;17:10;1;971;97112;1;3;1;7;D203;15,8705970; -61,2842110
202000000083;8;3;2020;04:50;3;30;30027;1;1;1;6;Route de Lézan;44,0643770;4,0683910
202000000084;7;3;2020;16:15;1;88;88321;2;1;1;3;Avenue de la Division Leclerc;48,3642900;5,6924410
202000000085;8;3;2020;03:30;3;88;88132;2;1;1;1;63 Rue d'Alsace;48,2011590;6,5283410
202000000086;8;3;2020;13:30;1;55;55427;2;1;6;6;Avenue du Xveme Corps;48,8234540;4,9845180
202000000087;8;3;2020;11:00;1;01;01043;2;1;1;6;Route de Genève;45,8335350;4,9937050
202000000088;8;3;2020;06:10;2;69;69197;2;1;1;6;Route du Treve;46,0628600;4,6513170
202000000089;8;3;2020;01:05;5;69;69272;2;1;1;1;Route de Limon;45,6017000;4,8349000
202000000090;8;3;2020;07:45;2;49;49264;1;1;2;6;;47,0923610; -1,0038650
202000000091;6;3;2020;14:40;1;13;13071;1;1;1;7;A7-Sens Marseille vers Lyon;43,4079000;5,2889000
202000000092;6;3;2020;08:40;1;13;13088;1;1;1;2;A55-Sens Martigues vers Marseille;43,3915000;5,2622000
202000000093;6;3;2020;08:40;1;13;13001;1;1;1;2;A51-Sens Aix en Provence vers Marseille;43,5114330;5,4206300
202000000094;7;3;2020;12:15;1;91;91661;1;1;1;7;RD 188 CHEVREUSE;48,6961800;2,2240200
202000000095;7;3;2020;12:00;1;92;92019;1;1;1;3;AUTOROUTE A86;48,7606564;2,2869178
202000000096;7;3;2020;06:00;3;78;78238;1;1;1;5;A13;48,9706670;1,8788330
202000000097;6;3;2020;22:30;3;93;93027;1;1;1;6;BDL;48,9271400;2,4029800
202000000098;6;3;2020;18:10;2;92;92036;1;1;1;3;AUTOROUTE A15;48,9430300;2,2889193
202000000099;6;3;2020;17:10;1;92;92036;1;1;1;2;AUTOROUTE A86;48,9387500;2,3094600
202000000100;1;1;2020;03:50;5;972;97209;2;3;1;3;PROFESSEUR RAYMOND GARCIN (RUE DU);14,6201015; -61,0781050
202000000101;4;1;2020;14:15;1;92;92024;2;2;1;3;GENERAL LECLERC (BD DU) (9 A 59)   (4 A;48,9017000;2,3148000
202000000102;6;3;2020;00:00;5;988;98818;2;6;1;6;ROND POINT IMPERIAL; -22,2501200;166,4515500
202000000103;6;3;2020;23:10;5;988;98818;2;2;1;3;PROMENADE ROGER LAROQUE/ANSE-VATA; -22,3029200;166,4450800
202000000104;7;3;2020;01:35;3;976;97611;1;1;1;1;passamanty-Vahibé ( route ); -12,7927300;45,1885100
202000000105;6;3;2020;19:40;4;974;97411;2;3;2;6;CARAMBOLES (DES); -20,8931300;55,4760100
202000000106;5;3;2020;09:00;1;974;97411;2;1;1;1;MACE (ROUTE GABRIEL); -20,9155364;55,4944217
202000000107;5;3;2020;10:45;1;974;97409;2;1;1;3;DE LA GARE(RUE); -20,9606900;55,6543000
202000000108;7;3;2020;00:35;5;69;69388;2;1;1;6;GENERAL FRERE (DU)                  (AV);45,7306000;4,8779000
202000000109;6;3;2020;18:05;2;972;97209;2;3;1;1;PATRICE LUMUMBA (RUE);14,6136800; -61,0701800
202000000110;26;2;2020;01:55;5;69;69381;2;2;1;3;JEAN MOULIN                         (QU);45,7662000;4,8380000
202000000111;6;3;2020;06:10;5;69;69149;2;1;1;3;GRANDE RUE                          (GR);45,7198700;4,8106100
202000000112;5;3;2020;12:15;1;69;69389;2;9;2;5;MARIETTON                           (R );45,7756500;4,8026000
202000000113;12;2;2020;18:35;5;69;69081;2;1;1;7;BON PASTEUR (DU)                  AV;45,7874200;4,7788500
202000000114;5;3;2020;16:50;1;971;97101;1;3;1;3;DUGAZON DE BOURGOGNE (ZONE);16,2591910; -61,5102600
202000000115;6;3;2020;21:55;5;91;91570;2;7;1;3;SAINT SAENS (RUE);48,6311960;2,3288340
202000000116;6;3;2020;11:35;1;91;91549;2;1;1;7;JEAN MERMOZ (RUE);48,6393490;2,3362480
202000000117;5;3;2020;10:45;1;91;91692;2;1;2;6;DORDOGNE (AVENUE DE);48,6767180;2,1649400
202000000118;5;3;2020;18:45;2;91;91377;2;2;2;3;AULNAY DRACOURT (IMPASSE DE L');48,7205000;2,2779900
202000000119;6;3;2020;17:20;1;91;91687;2;2;1;3;SABLONS (AVENUE DES);48,6665500;2,3642200
202000000120;6;3;2020;08:45;1;91;91174;2;9;8;3;JEAN JAURES (BOULEVARD);48,6134950;2,4593190
202000000121;6;3;2020;05:55;5;91;91174;2;6;1;3;JEAN JAURES (BOULEVARD);48,6117400;2,4611900
202000000122;5;3;2020;20:15;5;89;89387;2;2;3;3;GARIBALDI (BOULEVARD DES);48,1999800;3,2823200
202000000123;5;3;2020;16:35;1;87;87065;1;3;2;3;PONTEIX (AVENUE DU);45,8081600;1,2991000
202000000124;5;3;2020;17:48;1;84;84007;2;1;1;3;PIERRE SEMARD (avenue);43,9414000;4,8178400
202000000125;4;3;2020;14:15;1;84;84007;1;1;1;1;RD225  (route touristique);43,9580700;4,8276400
202000000126;3;3;2020;18:10;2;84;84007;2;1;1;3;RUE HOSEPH DE MONTGOLFIER;43,9301800;4,8285400
202000000127;23;2;2020;17:45;1;30;30351;2;1;1;6;GENERAL LECLERC AVENUE DU;43,9544400;4,7882700
202000000128;6;3;2020;13:15;1;83;83137;2;2;1;1;MOULINS (AVE DES DE 328 A FIN;43,1401600;5,9130900
202000000129;6;3;2020;07:45;1;83;83069;2;1;1;6;GRES ROSES (ALLEE DES);43,1241000;6,1508000
202000000130;5;3;2020;15:23;1;78;78646;2;2;1;6;PORTE DE BUC (RUE DE LA);48,7955300;2,1388400
202000000131;5;3;2020;13:00;1;77;77118;1;9;2;3;D34E;48,9433300;2,6666300
202000000132;6;3;2020;19:50;5;77;77284;2;1;1;6;GALLIENI (AVENUE) - D603;48,9592500;2,8732400
202000000133;6;3;2020;19:00;5;74;74218;2;4;1;2;PAYS DE GAVOT (ROUTE DU)  RD11;46,3846240;6,5549495
202000000134;5;3;2020;13:00;1;69;69290;2;2;2;3;DES PARCS(allée);45,7090400;4,9386600
202000000135;6;3;2020;12:53;1;69;69264;2;3;1;3;ANSE D'  (rue);45,9850000;4,7180300
202000000136;5;3;2020;10:00;1;67;67482;2;1;3;2;CANONNIERS (RUE DES);48,5540774;7,7626633
202000000137;5;3;2020;17:15;1;66;66136;2;1;1;6;Napoleon Joseph Sarda-Garriga ( rue de );42,6910000;2,8810500
202000000138;5;3;2020;13:30;3;66;66136;1;1;2;7;D900;42,6955600;2,8960700
202000000139;6;3;2020;08:10;1;64;64260;2;9;3;3;Rue de l’Autoport;43,3460100; -1,7740600
202000000140;4;3;2020;19:25;5;64;64335;2;1;2;4;EUROPE DE L';43,3351350; -0,4569207
202000000141;5;3;2020;17:00;1;63;63113;2;4;2;2;ESTAING (RUE D');45,7841300;3,1091900
202000000142;2;3;2020;17:40;1;60;60175;2;1;2;6;VERLAINE (RUE PAUL);49,2491200;2,4715700
202000000143;6;3;2020;04:00;2;58;58194;2;1;2;-1;BARATTE (FAUBOURG);46,9868900;3,1959800
202000000144;5;3;2020;19:00;2;56;56260;2;3;2;3;MARNE (AVENUE DE LA);47,6592300; -2,7748300
202000000145;5;3;2020;17:00;1;56;56121;2;1;1;2;Pénétrante de Lorient RD 465;47,7637200; -3,3803600
202000000146;6;3;2020;15:55;1;54;54265;2;1;2;6;SAINT-EXUPERY (RUE ANTOINE DE);48,6368430;6,1834620
202000000147;6;3;2020;07:50;1;54;54547;2;1;1;6;HUITIEME REGIMENT D'ARTILLERIE;48,6693780;6,1845661
202000000148;5;3;2020;12:35;1;54;54547;2;1;2;6;EUROPE (BOULEVARD DE L');48,6627327;6,1727052
202000000149;6;3;2020;08:00;1;51;51454;2;1;2;2;Avenue de Champagne;49,2342409;4,0403540
202000000150;22;9;2020;10:40;1;74;74081;1;3;1;3;Route de Chamonix;46,0505690;6,5920970
202000000151;22;9;2020;14:00;1;976;97607;1;1;1;5;rn2 hajangua; -12,8505010;45,1751580
202000000152;21;9;2020;19:00;5;971;97128;2;1;1;6;Douville;16,2527980; -61,3722650
202000000153;21;9;2020;19:55;3;971;97134;1;1;1;6;Le bouchu;16,0704136; -61,7633557
202000000154;21;9;2020;11:10;1;91;91494;1;9;1;7;D19b8;48,6117250;2,3389450
202000000155;21;9;2020;17:00;1;2A;2A163;1;1;1;1;RT40;41,4963320;8,9626980
202000000156;22;9;2020;09:45;1;34;34145;1;1;2;6;Avenue du Vidourle;43,6897030;4,1592800
202000000157;13;9;2020;17:00;1;83;83047;2;1;1;5;Avenue Jean Monnet;43,1190370;6,0673610
202000000158;20;9;2020;19:15;1;83;83055;1;1;2;5;Route de Seillans;43,6244290;6,6931040
202000000159;19;9;2020;11:30;1;06;06157;1;1;1;1;Route des Termes;43,7591530;7,0763940
202000000160;17;9;2020;12:00;1;71;71556;1;1;1;3;Route des Combes;46,2787191;4,8025788
202000000161;21;9;2020;07:30;1;67;67080;1;3;1;2;RD 30;48,5559433;7,5273016
202000000162;8;9;2020;19:45;1;57;57443;1;1;1;7;55 Rue du Haut de la Marche;49,2163770;6,1144030
202000000163;22;9;2020;09:20;1;74;74037;2;4;1;6;Rue de la Ménoge;46,2085900;6,4049540
202000000164;21;9;2020;14:20;1;73;73248;2;6;1;3;D77 RP de l'aluminium;45,2756154;6,3554903
202000000165;20;9;2020;17:00;1;38;38488;1;1;3;6;Route de Crémieu;45,7335980;5,2970890
202000000166;21;9;2020;14:45;1;35;35037;1;1;1;6;N24;48,0593230; -1,8831490
202000000167;19;9;2020;19:00;1;62;62460;1;2;1;3;CD940;50,5835430;1,7400080
202000000168;21;9;2020;13:25;1;57;57226;1;1;1;6;Autoroute A30;49,3745000;5,9813000
202000000169;20;9;2020;19:35;1;57;57343;1;1;1;4;Autoroute A31;49,3291600;6,1854300
202000000170;21;9;2020;18:35;1;33;33281;1;1;2;6;ROCADE A 630;44,8170600; -0,6729300
202000000171;21;9;2020;09:15;1;33;33143;1;1;1;5;AUTOROUTE A 10;44,9696500; -0,4360240
202000000172;20;9;2020;02:10;4;59;59202;1;1;1;6;AUTOROUTE A25;50,6765720;2,8594380
202000000173;21;9;2020;19:10;1;91;91377;1;1;1;2;AUTOROUTE A10;48,7251600;2,3000500
202000000174;21;9;2020;14:14;1;94;94034;1;1;1;4;AUTOROUTE A86;48,7592400;2,3253800
202000000175;21;9;2020;10:30;1;91;91589;1;1;1;4;AUTOROUTE A6;48,6785900;2,3357200
202000000176;21;9;2020;08:30;1;91;91468;1;1;1;2;AUTOROUTE A6;48,5755500;2,4655900
202000000177;20;9;2020;07:50;1;78;78117;1;1;1;6;RN12;48,7874390;2,1475370
202000000178;21;9;2020;09:20;1;94;94074;1;1;1;2;RN406.W;48,7654325;2,4586862
202000000179;21;9;2020;08:40;1;94;94028;1;1;1;-1;A86 INT;48,7762722;2,4310036
202000000180;18;9;2020;20:15;5;988;98818;2;3;1;5;RUE JULES GARNIER/RUE DU DOCTEUR MIALARET; -22,2878800;166,4445500
202000000181;20;9;2020;16:00;1;69;69388;2;1;1;2;ETATS UNIS (DES)                    (BD);45,7341100;4,8637700
202000000182;20;9;2020;10:30;1;69;69388;2;9;1;6;COMMANDANT PEGOUT (DU)              (R );45,7308000;4,8677000
202000000183;20;9;2020;00:00;5;69;69286;2;7;1;3;GEORGES CROMBEZ                     (PL);45,8072100;4,9023600
202000000184;20;9;2020;02:52;5;95;95607;2;1;8;3;DIVISION LECLERC (AVENUE DE LA);49,0164000;2,2187000
202000000185;20;9;2020;03:50;5;91;91687;2;1;8;7;GRIBELETTE (AVENUE DE LA);48,6476900;2,3657500
202000000186;19;9;2020;22:30;5;74;74133;2;9;1;3;TRANSVAL (RUE DE);46,1792000;6,1995000
202000000187;20;9;2020;08:56;1;69;69266;2;3;2;3;STALINGRAD    (Boulevard de la Bataille ;45,7795856;4,8595696
202000000188;20;9;2020;19:25;1;64;64483;2;1;1;3;LAYATS (AVENUE DE);43,3974700; -1,6386500
202000000189;20;9;2020;11:50;1;64;64483;2;1;1;5;CHANTACO (AVENUE DE );43,3737000; -1,6378600
202000000190;20;9;2020;04:26;3;44;44109;1;1;1;3;PERIPHERIQUE ROUTIER;47,2678600; -1,5772800
202000000191;20;9;2020;17:15;1;37;37214;2;1;7;2;PORTILLON (QUAI);47,3998634;0,6760598
202000000192;20;9;2020;14:50;1;35;35281;2;1;1;2;DODIN (AVENUE ROGER);48,0894350; -1,7061850
202000000193;20;9;2020;03:00;5;33;33063;2;2;1;3;CRS DU MEDOC / CRS BALGUERIE STUTTENBERG;44,8583148; -0,5668694
202000000194;20;9;2020;15:15;1;29;29232;1;1;1;2;D783 - Boulevard President Allende;47,9970700; -4,0727900
202000000195;20;9;2020;17:45;1;27;27681;1;1;1;2;MAGNY (ROUTE DE);49,0993200;1,5026900
202000000196;28;8;2020;23:00;5;13;13208;2;9;1;2;PRADO (AVENUE DU);43,2675400;5,3835000
202000000197;20;9;2020;09:45;1;13;13002;2;1;8;1;QUATRE SAISONS (ROUTE DES);43,3239140;5,4921450
202000000198;20;9;2020;05:30;3;13;13047;1;1;8;6;D.5;43,5530700;4,9682200
202000000199;19;9;2020;16:50;1;13;13063;2;1;2;3;RENE CASSIN ROND POINT;43,5996158;5,0064558
202000000200;19;9;2020;10:40;1;13;13028;2;1;1;6;QUINET (RUE EDGARD);43,1752240;5,6097650
202000000201;17;9;2020;17:15;1;12;12145;2;3;1;3;GABRIAC JEAN (BOULEVARD);44,0922500;3,0707700
202000000202;20;9;2020;11:30;1;06;06027;2;1;3;6;COLLE CHEMIN DE LA;43,6708490;7,1210560
202000000203;20;9;2020;00:54;5;03;03185;2;2;1;3;Quai Rouget de Lisle;46,3428932;2,6005865
202000000204;18;9;2020;22:35;5;75;75118;2;1;1;7;PORTE DE LA CHAPELLE;48,9008870;2,3629740
202000000205;18;9;2020;21:00;5;75;75119;2;1;1;4;PORTE DE PANTIN;48,8963280;2,3945690
202000000206;18;9;2020;08:55;1;75;75112;2;1;1;4;BOULEVARD PERIPHERIQUE INTERIEUR SUD;48,8266350;2,3889950
202000000207;20;9;2020;21:49;5;75;75118;2;2;1;3;RUE MYRHA;48,8865500;2,3495530
202000000208;20;9;2020;11:30;1;75;75118;2;3;1;-1;RUE DE LA CHAPELLE;48,8910090;2,3598700
202000000209;20;9;2020;01:50;5;75;75118;2;2;1;6;RUE MARX DORMOY;48,8902230;2,3599180
202000000210;20;9;2020;02:00;3;75;75116;2;2;1;-1;AVENUE DE MALAKOFF;48,8731520;2,2844620
202000000211;20;9;2020;06:45;5;75;75115;2;3;1;6;QUAI BRANLY;48,8574700;2,2910660
202000000212;20;9;2020;17:40;1;75;75113;2;1;1;6;RUE ESQUIROL;48,8339740;2,3611420
202000000213;20;9;2020;01:30;5;75;75113;2;2;1;3;RUE DES PEUPLIERS;48,8221500;2,3526890
202000000214;20;9;2020;18:50;1;75;75112;2;7;1;-1;ROUTE DE LA PYRAMIDE;48,8338330;2,4448970
202000000215;20;9;2020;02:00;5;75;75107;2;7;1;6;PLACE DE LA RESISTANCE;48,8624240;2,3015640
202000000216;20;9;2020;15:00;1;75;75104;2;3;1;6;RUE DE RIVOLI;48,8554880;2,3600990
202000000217;20;9;2020;22:20;5;94;94081;2;3;1;3;ABBE ROGER DERRY (AV DE L);48,7896788;2,3899035
202000000218;20;9;2020;18:15;1;94;94034;2;1;1;3;PASTEUR (BD);48,7568840;2,3153510
202000000219;20;9;2020;00:15;5;94;94022;2;1;1;6;BEL AIR (R);48,7630700;2,4204200
202000000220;20;9;2020;18:20;1;94;94071;2;6;1;1;Avenue Gabriel Péri & Route de la Queue-En-Brie;48,7615579;2,5334328
202000000221;20;9;2020;13:40;1;94;94075;2;3;1;3;MARECHAL DE LATTRE DE TASSIGNY (AV);48,7274700;2,5310600
202000000222;20;9;2020;20:30;5;93;93072;2;1;1;6;MAXIME GORKI (BOULEVARD) DES N°1 AU 87;48,9519253;2,3849984
202000000223;20;9;2020;15:30;1;93;93014;2;3;1;5;SEVIGNE (AVENUE DE);48,9125726;2,5410795
202000000224;20;9;2020;20:40;5;93;93005;2;2;1;3;FRANCISCO FERRER (RUE);48,9432166;2,4999091
202000000225;20;9;2020;17:00;1;92;92040;2;6;1;3;STALINGRAD (QUAI DE);48,8201781;2,2429183
202000000226;20;9;2020;02:22;5;92;92025;2;2;1;3;CHARLES DE GAULLE (BD);48,9133000;2,2306410
202000000227;20;9;2020;06:35;2;92;92060;2;1;8;7;CHARLES DE GAULLE (AVENUE) RD75 A PARTIR;48,7766500;2,2570300
202000000228;19;9;2020;20:45;5;92;92007;2;2;2;-1;BRIAND (AVENUE ARISTIDE) N° 100 A 160;48,7962203;2,3217228
202000000229;21;9;2020;16:38;1;08;08062;1;3;1;1;D985 PK023.300;49,5399700;4,3805840
202000000230;21;9;2020;08:35;1;31;31547;2;1;1;3;Route de Toulouse;43,4989860;1,3169490
202000000231;21;9;2020;05:10;3;86;86170;1;1;1;1;N147;46,3102959;0,8295871
202000000232;20;9;2020;06:00;3;44;44103;1;1;1;2;RN 171   PK 84;47,3241850; -2,1554340
202000000233;20;9;2020;20:10;3;57;57529;1;1;1;1;D15;49,4404290;6,0305610
202000000234;20;9;2020;20:15;5;57;57390;2;3;1;2;88 Grand Rue;49,0055080;7,3786450
202000000235;21;9;2020;05:26;3;57;57043;1;3;1;3;D1;49,2555410;6,2009080
202000000236;20;9;2020;18:00;1;95;95352;1;1;1;3;D922;49,1041770;2,3941290
202000000237;19;9;2020;15:00;1;62;62773;2;3;1;-1;Rue de Neufchatel;50,6388160;1,7431366
202000000238;20;9;2020;11:40;1;19;19068;1;1;8;7;D48;45,1781040;1,6578200
202000000239;16;8;2020;00:30;3;56;56177;1;1;3;6;Keryagune St Goal;47,7702000; -3,0674100
202000000240;20;9;2020;15:00;1;56;56123;1;2;1;3;La Provotaie;47,6804650; -2,3463750
202000000241;21;9;2020;07:10;2;76;76441;1;1;5;1;D49;49,9688130;1,5695210
202000000242;20;9;2020;13:00;1;65;65362;2;1;1;7;1 Route de Cauterêts;42,9583500; -0,0776660
202000000243;21;9;2020;13:45;1;33;33236;2;1;2;3;98 Avenue du Truc Vert;44,7248500; -1,2193100
202000000244;16;9;2020;17:00;1;89;89368;2;1;1;6;4 Route de Saint-amand;47,6145820;3,1982660
202000000245;20;9;2020;21:45;3;63;63022;2;1;1;6;Route de Basse-combelle;45,4439640;3,3024640
202000000246;21;9;2020;15:00;1;63;63218;1;9;2;3;D38;45,3920800;3,6857300
202000000247;12;9;2020;14:50;1;61;61007;1;1;1;6;Le Fauquis;48,7990050; -0,4304950
202000000248;20;9;2020;15:42;1;61;61028;1;1;1;6;D909;48,8340740; -0,2360770
202000000249;11;9;2020;21:10;3;49;49341;1;1;1;6;Route départementale 145;47,2186060; -0,0257060
202000000250;21;9;2020;09:15;1;42;42026;1;1;2;6;Route de Melay;46,1740230;4,0767970
202000000251;18;9;2020;17:10;1;86;86032;2;1;1;6;28 Rue de Saintonge;46,6793120;0,5638690
202000000252;20;9;2020;09:15;1;34;34080;1;1;9;6;D908;43,5798950;3,0233440
202000000253;20;9;2020;19:58;2;44;44156;2;1;2;6;18 Rue Gilles de Retz;46,9546000; -1,6054040
202000000254;20;9;2020;12:30;1;44;44096;1;1;1;6;Tacon;47,4171486; -1,2480014
202000000255;20;9;2020;09:10;1;29;29146;2;3;1;1;Rue de la Boissiere;47,9062785; -3,8388665
202000000256;20;9;2020;15:20;1;29;29190;1;1;1;1;Pointe Saint-Mathieu;48,3340405; -4,7713232
202000000257;11;9;2020;05:20;3;13;13027;1;1;5;1;446 Route de Tarascon;43,8796370;4,8412640
202000000258;20;9;2020;19:30;2;02;02757;1;1;1;6;D960;49,9264720;3,5504560
202000000259;21;9;2020;07:00;2;03;03123;1;1;1;6;;46,4416036;2,6518389
202000000260;21;9;2020;03:40;3;54;54162;1;1;1;6;N4;48,6561033;5,8416152
202000000261;21;9;2020;19:50;2;60;60086;1;6;1;3;D603;49,1760930;2,3527690
202000000262;20;9;2020;09:10;1;43;43124;1;2;2;3;Allée des Peupliers;45,0893570;3,7528560
202000000263;21;9;2020;07:30;1;53;53007;1;3;5;7;Argentré;48,0723260; -0,6521680
202000000264;21;9;2020;07:45;1;21;21534;1;1;7;2;Route de Chorey;47,0408670;4,9109060
202000000265;17;9;2020;16:30;1;40;40245;2;1;1;6;Rue Pénecadet;44,0321680; -0,3243670
202000000266;20;9;2020;10:45;1;27;27467;2;6;1;1;Rue Stanislas Delaquaize;49,3526340;0,5137560
202000000267;20;9;2020;19:00;1;52;52421;1;1;1;7;19 Rue de la Vieille Côte;48,1807530;5,1515470
202000000268;20;9;2020;12:22;1;88;88442;1;1;1;7;Route du Col;48,0346360;6,7958110
202000000269;21;9;2020;09:20;1;49;49092;1;1;1;6;A87;47,2126090; -0,7641290
202000000270;20;9;2020;20:15;3;69;69086;1;1;2;6;A89;45,8519550;4,6686530
202000000271;21;9;2020;17:15;1;57;57342;1;1;1;3;1 Route Nationale 4;48,6449260;6,9193700
202000000272;21;9;2020;00:15;3;17;17283;1;1;1;1;Route de Gemozac;45,5730620; -0,5887130
202000000273;21;9;2020;15:40;1;38;38173;1;1;1;7;D1091;45,0423260;6,1232040
202000000274;20;9;2020;19:00;1;68;68278;2;1;1;6;17 Rue du Docteur Albert Schweitzer;47,7535930;7,3830650
202000000275;21;9;2020;16:00;1;974;97415;2;1;1;7;74 Rue des Tamarins; -21,0385200;55,2236420
202000000276;18;9;2020;13:35;1;971;97125;2;2;1;5;8 Les Floralies à Meudon;16,2604000; -61,2758800
202000000277;29;8;2020;09:30;1;971;97125;1;3;1;6;Desvarieux;16,2732692; -61,2786645
202000000278;20;9;2020;19:30;2;29;29233;1;1;1;7;Lieu-Dit Lothéa;47,8465600; -3,5446360
202000000279;20;9;2020;04:00;3;45;45278;1;1;1;2;D43;47,8052000;2,8305670
202000000280;20;9;2020;00:15;5;83;83065;1;1;8;1;D98a;43,2579990;6,5947200
202000000281;5;9;2020;12:42;1;13;13004;1;9;1;3;RD570;43,6084100;4,4776800
202000000282;20;9;2020;19:45;3;13;13096;1;3;1;3;D38;43,4983090;4,3825790
202000000283;18;9;2020;09:50;1;39;39097;2;1;1;2;317 Avenue du Maréchal de Lattre de Tassigny;46,7479550;5,9186540
202000000284;21;9;2020;16:05;1;57;57433;2;1;1;6;34 Route de Metz;49,2003270;6,1600150
202000000285;21;9;2020;17:25;1;42;42147;2;1;1;6;Avenue d'Allard;45,6066560;4,0559720
202000000286;20;9;2020;21:08;3;38;38051;1;1;1;6;Route de Chanas;45,3297780;4,8874300
202000000287;20;9;2020;20:55;5;69;69291;2;2;8;1;19 Avenue de Burago Di Molgora;45,6332970;4,8596770
202000000288;20;9;2020;19:45;5;69;69125;2;8;2;3;Route de Chazay;45,8727500;4,7247500
202000000289;20;9;2020;11:00;1;85;85227;1;2;1;2;La Bonnette;46,4785550; -0,6618220
202000000290;21;9;2020;17:35;1;85;85178;1;3;1;1;La Bardinière;46,7778220; -1,4878980
202000000291;21;9;2020;07:30;2;50;50099;2;1;1;6;Route de Saint-côme;49,3135340; -1,2586050
202000000292;16;9;2020;12:45;1;14;14068;2;1;1;6;40 Rue d'Outreval;49,2300660; -0,3310380
202000000293;17;9;2020;13:45;1;29;29144;1;1;1;6;D764 - Rosquervel;48,4368030; -4,1638610
202000000294;20;9;2020;17:45;1;27;27280;1;1;1;6;Route départementale 57;49,0323960;1,2687060
202000000295;21;9;2020;14:20;1;60;60395;2;1;1;3;87 Rue Louis Deshayes;49,2463534;2,1336089
202000000296;21;9;2020;15:20;1;80;80625;2;1;1;6;route nationale;49,7155936;2,5395314
202000000297;19;9;2020;22:50;5;59;59011;2;1;1;3;10 Rue Lavoisier;50,5280070;2,9439500
202000000298;19;9;2020;21:08;5;13;13055;1;1;2;5;A507 sens Marseille - Aubagne;43,2954000;5,4243000
202000000299;19;9;2020;20:10;3;42;42110;1;9;8;2;A47;45,4949200;4,5547500
202000000300;20;9;2020;17:05;1;91;91312;1;1;1;7;RD 444;48,7330700;2,2337000
202000000301;24;6;2020;12:00;1;35;35238;2;2;1;3;PAYS-BAS (AVENUE DES);48,0846000; -1,6607300
202000000302;24;6;2020;12:45;1;33;33013;1;1;1;4;ROUTE NATIONALE 89;44,8664200; -0,4868800
202000000303;24;6;2020;07:30;1;33;33318;2;3;1;3;Avenue du Bourgailh;44,8024600; -0,6631900
202000000304;15;6;2020;16:41;1;33;33522;2;9;1;6;PARKING INTERMARCHE;44,8068500; -0,5742300
202000000305;23;6;2020;14:45;1;31;31555;2;1;1;2;RTE DE NARBONNE;43,5714100;1,4539000
202000000306;22;6;2020;11:50;1;30;30189;2;2;1;3;CURIE PIERRE (RUE);43,8358000;4,3769000
202000000307;24;6;2020;13:55;1;28;28134;2;1;1;-1;SAINT THIBAULT (RUE);48,7362900;1,3631800
202000000308;18;6;2020;19:40;1;18;18033;2;1;1;6;PLANCHAT (PLACE);47,0855000;2,3530700
202000000309;24;6;2020;12:39;1;17;17300;2;1;1;6;STADE   RUE DU;46,1603800; -1,1780000
202000000310;23;6;2020;11:28;1;17;17300;2;2;1;5;SARTRE   AVENUE JEAN-PAUL;46,1545100; -1,1169400
202000000311;19;6;2020;22:40;5;13;13071;1;1;1;1;ROUTE NATIONALE 368 (PLAN DES PENNES);43,4051940;5,2831270
202000000312;24;6;2020;23:35;5;13;13213;2;3;1;3;GEMY (BOULEVARD);43,3222000;5,4126800
202000000313;24;6;2020;10:40;1;13;13211;2;3;1;3;VALBARELLE (CHEMIN DE LA);43,2885300;5,4544000
202000000314;23;6;2020;15:20;1;13;13206;2;4;1;3;LIEUTAUD (COURS);43,2917703;5,3829780
202000000315;23;6;2020;09:30;1;11;11262;2;1;1;6;HUGO (QUAI ET PASSERELLE VICTOR);43,1813780;3,0081480
202000000316;22;6;2020;17:20;1;11;11069;1;6;1;2;RD 6113;43,2303388;2,3437545
202000000317;23;6;2020;11:00;1;75;75112;2;4;1;3;BOULEVARD PERIPHERIQUE;48,8268660;2,3896630
202000000318;24;6;2020;20:10;1;75;75119;2;3;1;2;BOULEVARD SERURIER;48,8850390;2,3944660
202000000319;24;6;2020;17:50;1;75;75119;2;3;1;2;RUE DE BELLEVILLE;48,8734020;2,3826100
202000000320;24;6;2020;03:00;5;75;75119;2;3;1;3;AVENUE CORENTIN CARIOU;48,8960940;2,3840900
202000000321;24;6;2020;15:35;1;75;75118;2;1;1;3;BOULEVARD BARBES;48,8911560;2,3496290
202000000322;24;6;2020;00:45;5;75;75118;2;3;1;-1;RUE DE LA CHAPELLE;48,8920140;2,3598400
202000000323;24;6;2020;10:00;1;75;75116;2;2;1;3;AVENUE MARCEAU;48,8674470;2,2992430
202000000324;24;6;2020;10:00;1;75;75116;2;3;1;6;RUE D AUTEUIL;48,8480460;2,2636560
202000000325;24;6;2020;04:20;5;75;75116;2;7;1;1;PLACE DE VARSOVIE;48,8604140;2,2911520
202000000326;23;6;2020;14:15;1;75;75116;2;2;1;6;AVENUE HENRI MARTIN;48,8642160;2,2749850
202000000327;22;6;2020;15:30;1;75;75116;2;3;1;3;BOULEVARD DE L AMIRAL BRUIX;48,8747170;2,2789510
202000000328;24;6;2020;12:50;1;75;75115;2;2;1;6;AVENUE EMILE ZOLA;48,8465470;2,2860130
202000000329;24;6;2020;11:50;1;75;75114;2;7;1;2;PLACE DENFERT ROCHEREAU;48,8350170;2,3321320
202000000330;24;6;2020;18:30;1;75;75112;2;1;1;2;BOULEVARD PERIPHERIQUE;48,8309270;2,4029910
202000000331;24;6;2020;08:25;1;75;75112;2;1;1;6;PORT DE BERCY;48,8326440;2,3829910
202000000332;24;6;2020;19:00;1;75;75110;2;1;1;6;BOULEVARD DE LA VILLETTE;48,8733590;2,3753420
202000000333;24;6;2020;15:24;1;75;75110;2;1;1;2;QUAI DE VALMY;48,8779830;2,3656580
202000000334;24;6;2020;09:37;1;75;75106;2;3;7;7;QUAI VOLTAIRE;48,8585260;2,3324650
202000000335;24;6;2020;11:05;1;75;75101;2;4;1;3;AVENUE DE L OPERA;48,8645460;2,3349290
202000000336;23;6;2020;15:05;1;75;75104;2;2;1;6;QUAI DE GESVRES;48,8567110;2,3489260
202000000337;24;6;2020;07:05;1;94;94046;2;1;1;6;GEORGES MEDERIC (R);48,7952500;2,4398500
202000000338;22;6;2020;10:50;1;93;93066;2;2;1;3;R DE LA METALLURGIE / R DE L'ENCYCLOPEDIE;48,9092500;2,3623900
202000000339;24;6;2020;23:00;5;93;93064;1;1;1;7;DE GAULLE (AV DU GENERAL) 58/49 - FIN;48,8774332;2,4809050
202000000340;24;6;2020;12:20;1;93;93048;2;2;1;6;R DES GRANDS PECHERS / R LENAIN DE TILLEMONT;48,8584600;2,4624600
202000000341;23;6;2020;17:25;1;93;93006;2;3;7;2;R DES CHAMPEAUX / AV DE LA REPUBLIQUE;48,8634300;2,4144640
202000000342;24;6;2020;15:30;1;93;93057;2;2;1;3;AV DU PRESIDENT WILSON / ALL ROBERT ESTIENNE;48,9064600;2,5119100
202000000343;24;6;2020;01:10;5;93;93005;2;2;1;5;"""PAUL VAILLANT COUTURIER (AVENUE """"DU 01";48,9295005;2,4805931
202000000344;24;6;2020;19:25;1;93;93005;2;1;1;6;R JACQUES DUCLOS;48,9463828;2,4933612
202000000345;24;6;2020;08:40;1;93;93001;2;1;1;2;R ANDRE KARMAN ;48,9091508;2,3848101
202000000346;24;6;2020;03:25;5;92;92078;2;9;1;6;VERDUN (AVENUE) (PAIRS 92 ET PLUS);48,9352060;2,3280250
202000000347;24;6;2020;18:25;1;92;92051;2;1;1;-1;CHARLES DE GAULLE (AVENUE, N°27 A 129);48,8855490;2,2557460
202000000348;24;6;2020;16:20;1;92;92051;2;1;1;3;PARMENTIER (RUE);48,8823136;2,2804825
202000000349;25;6;2020;07:45;1;81;81222;2;3;1;2;2351 Route de Castres;43,7798010;2,1874270
202000000350;24;6;2020;15:39;1;68;68143;1;4;1;3;D4;48,1104330;7,4020170
202000000351;25;6;2020;08:45;1;12;12265;1;2;1;1;Verrières;44,5425720;2,6852130
202000000352;24;6;2020;19:30;1;01;01354;2;3;1;6;Rue de la Faucille;46,2618740;6,0298690
202000000353;25;6;2020;05:45;2;974;97410;2;1;1;6;RN2; -21,0816210;55,6916360
202000000354;25;6;2020;17:30;1;38;38133;1;1;7;1;Route de Croix Bayard;45,3621200;5,6217900
202000000355;24;6;2020;10:20;1;26;26041;2;2;1;1;310 Route de la Sizeranne;45,2153310;4,8346760
202000000356;22;6;2020;01:43;4;87;87021;2;1;1;6;Rue du Boucheron;45,7679870;1,2097350
202000000357;24;6;2020;19:45;1;56;56057;1;1;1;7;Le Drezers;48,0647670; -3,4807450
202000000358;25;6;2020;13:50;1;74;74223;1;3;1;3;92 Route de la Sage;46,0922960;6,6495070
202000000359;24;6;2020;18:30;1;74;74267;2;2;1;3;Route d'Albertville;45,8668850;6,1400080
202000000360;24;6;2020;14:32;1;65;65242;1;1;7;1;D5;43,3489940;0,1549990
202000000361;24;6;2020;19:30;1;61;61486;1;1;1;1;Lieu Dit la Guitonniere;48,7156500; -0,7193740
202000000362;24;6;2020;15:05;1;12;12240;1;1;7;7;Le Garric;44,6294030;2,3115880
202000000363;24;6;2020;18:00;1;46;46065;1;1;1;7;Lieu Dit le Duc;45,0300210;1,6207410
202000000364;24;6;2020;23:00;3;31;31455;1;1;1;6;Avenue de Montesquieu;43,2371418;1,2051899
202000000365;24;6;2020;20:15;1;31;31118;1;6;1;3;Route de Bouloc;43,7933670;1,3724660
202000000366;24;6;2020;18:30;1;38;38182;2;1;1;2;Route de Chartreuse;45,3980880;5,4279540
202000000367;24;6;2020;13:45;1;02;02095;2;9;7;1;Rue de Saint-quentin;49,9823990;3,4528930
202000000368;24;6;2020;16:10;1;03;03180;1;1;1;7;;46,5177851;3,4722953
202000000369;24;6;2020;21:15;1;14;14370;1;1;1;6;Route de Tournières;49,2377900; -0,8877680
202000000370;25;6;2020;20:25;1;05;05054;2;1;1;-1;Route des Allards;44,6754130;6,0703430
202000000371;23;6;2020;08:37;1;18;18238;2;1;1;6;Place de l'Eglise;46,5471270;2,5342070
202000000372;25;6;2020;09:50;1;10;10375;1;1;7;6;D619;48,2846920;4,1693760
202000000373;24;6;2020;19:00;1;53;53185;2;1;1;6;1 Rue Baptiste Hyvard;48,4563080; -0,2082880
202000000374;25;6;2020;15:57;1;38;38454;1;1;1;6;A49;45,1537300;5,3576900
202000000375;25;6;2020;07:00;1;988;98805;1;1;1;5;SAVE EXPRESS; -22,1727060;166,4159890
202000000376;24;6;2020;18:10;1;67;67506;2;9;1;3;Route de Strasbourg;48,6673550;7,7196480
202000000377;24;6;2020;19:00;1;82;82123;1;9;1;6;A62;43,9270150;1,3110210
202000000378;25;6;2020;00:00;3;34;34336;1;1;1;2;A9;43,3240850;3,2707070
202000000379;22;6;2020;20:05;1;77;77490;2;3;1;1;Rue de la Forge Chaton;49,0335810;3,1041850
202000000380;24;6;2020;21:32;2;78;78548;1;1;1;2;D91;48,7112680;1,9908860
202000000381;25;6;2020;10:20;1;66;66144;1;6;1;2;Route de Villeneuve de la Raho;42,6424160;2,8791100
202000000382;25;6;2020;02:00;3;34;34024;1;1;1;7;Issanka;43,4748350;3,6931750
202000000383;24;6;2020;20:15;2;84;84003;1;1;1;7;Route de Buoux;43,8633950;5,3855320
202000000384;24;6;2020;19:15;1;52;52380;1;2;7;3;Rue Champ David;47,8745040;5,3561030
202000000385;25;6;2020;17:00;1;03;03217;1;4;1;6;;46,3680666;2,7207650
202000000386;23;6;2020;19:30;2;74;74243;2;4;1;3;Place du Cret;46,1440500;6,0825690
202000000387;24;6;2020;07:55;1;85;85250;1;1;1;2;RD160;46,5852600; -1,6931100
202000000388;11;6;2020;10:52;1;44;44198;1;1;3;1;Rue des Granges;47,1301260; -1,5325500
202000000389;25;6;2020;16:25;1;22;22275;1;1;1;1;La Ville Guéno;48,1274430; -2,7000950
202000000390;25;6;2020;12:55;1;60;60589;2;6;1;3;rue de l'Égalité;49,2384282;2,4654327
202000000391;24;6;2020;21:50;2;80;80031;1;2;1;2;D54;49,7420280;2,6453640
202000000392;24;6;2020;22:55;3;13;13043;1;1;1;7;A55 SENS MARTIGUES-MARSEILLE;43,3826687;5,2207008
202000000393;21;6;2020;02:00;5;69;69382;1;1;1;2;M7   0.000 A 2.278;45,7367900;4,8205200
202000000394;22;6;2020;16:05;1;33;33162;1;1;1;6;ROCADE A 630;44,8744600; -0,6365100
202000000395;23;6;2020;07:00;1;59;59343;1;1;1;6;AUTOROUTE A1;50,5954427;3,1022917
202000000396;24;6;2020;18:45;1;91;91339;1;1;1;5;RN 104;48,6309400;2,2415400
202000000397;23;6;2020;19:40;2;94;94038;1;1;1;2;AUTOROUTE A6A;48,7767300;2,3462900
202000000398;24;6;2020;17:15;1;92;92047;1;1;1;2;A13;48,8351971;2,1757242
202000000399;24;6;2020;17:00;1;78;78571;1;1;1;2;A13;48,8645150;2,0393770
202000000400;23;6;2020;08:33;1;93;93078;1;1;1;2;AUTOROUTE A104;48,9676600;2,5108000
202000000401;23;6;2020;08:50;1;95;95582;1;1;1;3; A115;48,9824300;2,2411500
202000000402;22;6;2020;18:05;1;93;93064;1;1;1;4;AUTOROUTE A86;48,8799800;2,4758000
202000000403;24;6;2020;16:00;1;94;94046;1;1;1;-1;A86 INT;48,8108627;2,4489179
202000000404;22;6;2020;16:29;1;988;98818;2;2;1;5;"RUE R.P. F. LUNEAU/RTE DU VELODROME/RUE R.P; MONTROUZIER"; -22,2910300;166,4452200
202000000405;22;6;2020;17:40;2;988;98818;1;6;1;2;VE1 SENS SUD/NORD/RUE BERTHELOT; -22,2607600;166,4443800
202000000406;22;6;2020;11:00;1;974;97416;1;1;1;6;RN02; -21,3600000;55,5365000
202000000407;23;6;2020;20:25;1;69;69387;2;2;1;3;CHALLEMEL LACOUR                    (R );45,7293900;4,8458400
202000000408;23;6;2020;19:00;1;69;69259;2;1;1;2;MARTYRS DE LA RESISTANCE (DES)      (AV);45,6909422;4,8704927
202000000409;23;6;2020;18:20;1;69;69387;2;2;1;3;GARIBALDI                           (R );45,7464500;4,8499300
202000000410;23;6;2020;16:30;1;69;69388;2;1;1;3;VIENNE (DE)                         (RO);45,7275000;4,8539000
202000000411;23;6;2020;09:20;1;69;69259;2;4;1;3;LYONNAIS (DU)                           ;45,7032900;4,8955300
202000000412;23;6;2020;15:50;1;972;97213;1;1;1;2;AUTOROUTE A1;14,6182800; -61,0361300
202000000413;23;6;2020;19:45;1;69;69389;2;1;1;6;MARIETTON                           (R );45,7750600;4,8071500
202000000414;23;6;2020;17:46;1;69;69286;2;1;1;6;HIPPODROME (DE L')                  (AV);45,8130000;4,8809800
202000000415;23;6;2020;13:50;1;69;69382;2;3;1;3;JEAN MOULIN                         (QU);45,7650400;4,8380200
202000000416;23;6;2020;15:00;1;2B;2B120;2;1;1;2;11 - RT;42,6556214;9,4412556
202000000417;23;6;2020;13:37;1;2A;2A004;1;9;1;3;SARTENE ANCIENNE ROUTE;41,9292851;8,7717351
202000000418;23;6;2020;14:15;1;2A;2A004;2;1;1;7;NICOLI JEAN COURS;41,9336213;8,7440288
202000000419;26;5;2020;17:00;1;91;91691;2;6;1;3;CONCY(RUE);48,7081900;2,4825300
202000000420;23;6;2020;08:30;1;91;91687;2;9;1;6;LIEUTENANT COLONEL BIZEUIL (AVENUE DU);48,6716000;2,3643000
202000000421;17;6;2020;09:45;1;84;84087;2;2;1;6;DALADIER (BD EDOUARD);44,1387600;4,8062500
202000000422;17;6;2020;07:38;1;84;84087;2;1;1;-1;ROCH (RUE MADELEINE);44,1359400;4,8077200
202000000423;23;3;2020;15:00;1;83;83137;1;1;1;6;CLEMENCEAU (BD GEORGES);43,1219000;5,9406300
202000000424;22;6;2020;19:40;1;83;83118;2;1;1;7;BOULEVARD EUGÈNE BRIEUX;43,4272000;6,8746500
202000000425;23;6;2020;20:25;1;78;78586;2;9;1;6;ROBERT SCHUMAN (AVENUE);48,9460200;2,1880100
202000000426;23;6;2020;23:15;3;77;77186;1;1;1;7;D606 de l'obélisque à limite MORET;48,3853100;2,7659200
202000000427;22;6;2020;10:50;1;76;76681;1;1;1;3;INDUSTRIEL. BOULEVARD (CD 18E);49,4051500;1,1102700
202000000428;23;6;2020;16:30;1;74;74010;2;1;7;2;MARQUISATS (AVENUE DES);45,8957110;6,1329833
202000000429;23;6;2020;16:20;1;71;71511;1;1;1;3;RD672 Bretelle - RD 906;46,3530667;4,8472255
202000000430;23;6;2020;19:15;1;68;68315;1;9;1;2;D430;47,8878740;7,2552680
202000000431;23;6;2020;18:18;1;68;68224;2;3;1;2;HOFER (RUE JOSUE);47,7615579;7,3252817
202000000432;19;6;2020;12:43;1;68;68066;2;1;8;6;Rue de la 1ère Armée Française;48,0869660;7,3585720
202000000433;21;6;2020;03:50;3;66;66136;2;1;1;6;GAUGUIN (AVENUE PAUL);42,7183800;2,8901000
202000000434;21;6;2020;02:00;5;66;66136;2;6;1;3;FRANCE LIBRE (BOULEVARD DE LA);42,7054100;2,9017200
202000000435;23;6;2020;18:45;1;64;64130;2;1;1;7;HERRI ALDE (ROUTE D258);43,3336000; -1,7448500
202000000436;14;6;2020;14:20;1;64;64129;2;1;1;-1;58 route de Bayonne;43,3013800; -0,3949200
202000000437;21;6;2020;23:05;5;64;64122;2;1;1;7;HARCET RUE D');43,4624200; -1,5651900
202000000438;19;6;2020;14:05;1;64;64122;2;3;1;6;14 Avenue du President Kennedy;43,4735960; -1,5562070
202000000439;22;6;2020;15:15;1;63;63164;1;1;1;7;EUROPE (BOULEVARD DE L');45,8383617;3,1400257
202000000440;21;6;2020;05:50;3;63;63308;1;1;1;7;GRAVENOIRE (ROUTE DE);45,7552451;3,0538827
202000000441;22;6;2020;13:10;1;62;62826;2;6;1;3;GENERAL DE GAULLE (AVENUE DU);50,5080800;1,6110100
202000000442;6;1;2020;07:50;3;62;62510;2;1;1;6;MARQUAGE (CHE DU);50,4122800;2,7697100
202000000443;17;6;2020;14:15;1;62;62048;2;2;1;3;SOISSONS (DE);50,5077300;2,4808200
202000000444;19;6;2020;20:50;1;58;58194;2;1;1;3;TAILLES;47,0010000;3,1622000
202000000445;22;6;2020;13:30;1;57;57221;2;1;1;6;D 952 A;49,3180200;6,1058000
202000000446;22;6;2020;16:40;1;57;57630;2;3;1;3;JOFFRE (MARECHAL)L;48,7300000;7,0560000
202000000447;23;6;2020;13:20;1;56;56107;2;1;1;3;BD ANTOINE LAVOISIER;47,7229800; -3,3909200
202000000448;23;6;2020;13:15;1;51;51454;2;1;1;7;Rue Dumont d’Urville;49,2256821;4,0382688
202000000449;19;6;2020;15:10;1;50;50129;2;2;1;3;LUMIERE (AVENUE LOUIS);49,6330400; -1,5987500
202000000450;22;6;2020;11:30;1;49;49353;2;1;1;5;PARMENTIER;47,4527700; -0,5147600
202000000451;22;6;2020;20:14;1;47;47001;2;1;1;6;GIRAUDOUX (RUE JEAN);44,1900500;0,6338600
202000000452;19;10;2020;07:00;2;974;97411;2;1;7;6;PHILIPPE (RUE SAINT-); -20,8893100;55,4521900
202000000453;19;10;2020;15:50;1;973;97302;1;1;1;3;ROUTE NATIONALE 1;4,9009316; -52,3252845
202000000454;19;10;2020;10:00;1;973;97302;2;1;1;3;MANDELA  (BOULEVARD);4,9396453; -52,3265306
202000000455;18;10;2020;23:36;5;973;97302;2;9;1;6;LIBERTE (AVENUE DE LA);4,9357147; -52,3304129
202000000456;19;10;2020;14:00;1;69;69388;2;3;1;6;GENERAL FRERE (DU)                  (AV);45,7297100;4,8790300
202000000457;16;10;2020;12:15;1;69;69383;2;2;1;6;GARIBALDI                           (R );45,7591500;4,8523900
202000000458;19;10;2020;08:35;1;972;97213;2;9;1;6;24 MARS 1961 (RUE DU);14,6127300; -61,0006000
202000000459;17;10;2020;08:30;1;972;97209;2;1;1;6;ALLEGRE (BOULEVARD);14,6073000; -61,0729000
202000000460;18;10;2020;12:50;1;69;69081;2;9;1;5;M6 PORTE DU VALVERT                                 ;45,7721600;4,7899000
202000000461;16;10;2020;22:00;5;971;97113;2;9;2;3;BAS DU FORT;16,2184000; -61,5175000
202000000462;19;10;2020;11:50;1;2A;2A004;2;3;1;6;NAPOLEON COURS APRES BEVERINI;41,9286403;8,7387437
202000000463;14;10;2020;07:30;5;91;91027;2;1;2;3;AV JEAN PIERRE BENARD;48,7117540;2,3811030
202000000464;14;10;2020;18:18;1;87;87085;2;3;2;7;PERRIN (RUE FRANCOIS);45,8267300;1,2380600
202000000465;19;10;2020;07:44;5;87;87085;2;3;1;3;SABLARD (AVENUE DE);45,8282127;1,2823846
202000000466;16;10;2020;14:27;1;87;87085;2;3;1;2;MONTJOVIS (AVENUE);45,8380500;1,2482800
202000000467;10;10;2020;15:00;1;83;83137;2;3;1;3;NOGUES (AVE DU GENERAL);43,1277900;5,9208000
202000000468;14;10;2020;09:30;1;80;80261;2;1;1;3;AMIENS (ROUTE D');49,8530900;2,2726400
202000000469;19;10;2020;11:15;1;79;79191;2;6;1;3;Avenue de Nantes;46,3348900; -0,4728400
202000000470;19;10;2020;12:10;1;77;77146;2;1;1;3;GEORGES BIDAULT (BOULEVARD);48,8307200;2,6505000
202000000471;18;10;2020;23:20;5;76;76319;1;1;1;2;MARITIME. BOULEVARD;49,3620200;0,9960700
202000000472;17;10;2020;02:40;5;76;76351;2;1;1;1;FRISSARD (QUAI);49,4908100;0,1291900
202000000473;16;10;2020;11:10;1;71;71306;2;1;1;6;BLANQUI (RUE);46,6751136;4,3643868
202000000474;17;10;2020;13:25;1;71;71270;2;6;1;3;SAONE (CARREFOUR DE);46,3093916;4,8374930
202000000475;19;10;2020;13:40;1;69;69029;2;1;1;3;GENAS (DE)                          (RO);45,7508239;4,9085753
202000000476;15;10;2020;14:30;1;69;69029;2;3;2;6;CAMILLE ROUSSET                     (AV);45,7357000;4,9105400
202000000477;19;10;2020;16:20;1;69;69264;2;1;1;4;GAMBETTA  BD;45,9929300;4,7150600
202000000478;17;10;2020;19:15;5;67;67482;2;3;1;3;FAUBOURG DE PIERRE (PONT DU);48,5869500;7,7464100
202000000479;16;10;2020;12:27;1;65;65286;2;1;1;2;Av Général Baron Maransin;43,0983960; -0,0455580
202000000480;18;10;2020;16:20;1;64;64140;2;1;1;7;GLIZE (RUE RAYMOND ET MARCEL);43,5143300; -1,4826200
202000000481;16;10;2020;19:40;5;63;63113;1;6;8;-1;CHARTOIRE (BD LOUIS);45,7981400;3,1467600
202000000482;10;10;2020;10:10;1;62;62617;2;1;1;6;ROUTE NATIONALE (CD 937);50,4804500;2,6630000
202000000483;17;10;2020;20:55;5;62;62178;2;2;8;6;CARON ( AUGUSTIN );50,4750800;2,5381500
202000000484;17;10;2020;18:15;2;59;59509;1;3;1;3;BLUM (RUE LEON);50,4206800;3,0733800
202000000485;16;10;2020;12:30;1;59;59017;2;1;1;1;FUSILLES (RUE DES );50,6896200;2,8816000
202000000486;17;10;2020;13:10;1;56;56121;2;1;1;3;LIEGE (RUE  DE );47,7475300; -3,3596600
202000000487;16;10;2020;13:15;1;50;50129;2;4;1;4;PARIS (AVENUE DE);49,6263900; -1,6172500
202000000488;17;10;2020;22:15;4;49;49328;2;1;1;6;CESSART (PONT);47,2634000; -0,0741500
202000000489;17;10;2020;11:05;1;47;47001;2;2;1;6;CARNOT (BD DU PRESIDENT);44,2044300;0,6205900
202000000490;19;10;2020;18:00;1;44;44109;2;1;1;3;BOULEVARD BENONI GOULLIN;47,2015300; -1,5540000
202000000491;13;10;2020;11:40;1;44;44109;2;3;1;3;COULMIERS ( RUE DE );47,2240100; -1,5384000
202000000492;17;10;2020;20:43;1;42;42147;2;1;1;2;Rue Paul Deschanel;45,6018520;4,0787010
202000000493;19;10;2020;09:50;1;38;38421;2;1;1;3;Avenue Gabriel Péri;45,1876000;5,7531000
202000000494;10;10;2020;19:30;2;38;38053;2;1;1;6;Avenue des Alpes;45,5850800;5,2729300
202000000495;19;10;2020;04:55;3;37;37261;2;6;1;7;LOUIS XI (BOULEVARD);47,3756527;0,6651744
202000000496;17;10;2020;23:55;5;34;34301;2;3;1;3;REVOLUTION (RUE DE LA);43,4063330;3,6911470
202000000497;19;10;2020;19:50;5;34;34172;2;1;1;2;CONSULS MER (BOULEVARD DES);43,6039700;3,8948100
202000000498;19;10;2020;21:10;5;33;33063;2;9;1;6;ALL DE LOS ANGELES;44,8449000; -0,5749600
202000000499;19;10;2020;17:40;1;33;33529;1;1;1;7;PALUE (CH. DE LA);44,6321600; -1,1591900
202000000500;19;10;2020;08:45;1;32;32013;2;1;8;7;IRENEE DAVID;43,6433000;0,5888000
